model,split,nll,ppl,tokens,blocks
base,zh_dev,11.61914873123169,111207.01365333218,32640,128
base,zh_test,11.6774662733078,117885.16755471606,32640,128
base,en_test,1.1447804123163223,3.1417513911772788,32640,128
base,pt_test,10.185750007629395,26522.534460599698,32640,128
Chinese-only,zh_dev,1.6072451621294022,4.989048260080169,32640,128
Chinese-only,zh_test,1.5687885582447052,4.800828745123486,32640,128
Chinese-only,en_test,1.956387683749199,7.0737283138582105,32640,128
Chinese-only,pt_test,12.276378631591797,214567.28080437845,32640,128
ZH+EN rehearsal,zh_dev,1.6599072515964508,5.2588230743826045,32640,128
ZH+EN rehearsal,zh_test,1.6185552477836609,5.04579512427121,32640,128
ZH+EN rehearsal,en_test,1.050910048186779,2.860252901976407,32640,128
ZH+EN rehearsal,pt_test,11.710628867149353,121860.09058428297,32640,128
